date,campaign,product,spend_czk,impressions,clicks,visual_hook,intent_framing
2026-03-28,Summit Pro,Tent Summit 3,900,74700,971,Group laughing in tent at dawn,Social aspirational
2026-03-28,Compact Stove,Cookware Stove Compact,2063,162977,6128,Single-hand assembly clip,Convenience
2026-03-28,Spring Tents Push,Tent Alpine 2,2873,249951,6978,Pitch in 60 seconds,FOMO summer launch
2026-03-28,Sleep Light,Sleeping Pad Inflate,1029,109074,2142,10s inflation timelapse,Convenience
2026-03-29,Spring Tents Push,Tent Alpine 2,2362,212580,3336,Pitch in 60 seconds,FOMO summer launch
2026-03-29,Summit Pro,Tent Summit 3,1089,91476,1864,Group laughing in tent at dawn,Social aspirational
2026-03-29,Sleep Warm,Sleeping Bag Alpine -10,2964,207480,2757,Frost on tent fabric macro,Cold-weather pain solve
2026-03-29,Cookware Hack,Cookware Set Titan,254,15748,374,Boil water in 90s timer,Practical demo
2026-03-29,Compact Stove,Cookware Stove Compact,1488,162192,2654,Single-hand assembly clip,Convenience
2026-03-29,Sleep Light,Sleeping Pad Inflate,2755,187340,3851,10s inflation timelapse,Convenience
2026-03-30,Compact Stove,Cookware Stove Compact,1295,115255,3458,Single-hand assembly clip,Convenience
2026-03-30,Cookware Hack,Cookware Set Titan,2564,235888,3284,Boil water in 90s timer,Practical demo
2026-03-30,Backpack Hero,Backpack Trek 45L,2651,275704,6343,Mountain ridge sunset b-roll,Aspirational adventure
2026-03-30,Spring Tents Push,Tent Alpine 2,2095,190645,5355,Pitch in 60 seconds,FOMO summer launch
2026-03-31,Sleep Warm,Sleeping Bag Alpine -10,1468,149736,2091,Frost on tent fabric macro,Cold-weather pain solve
2026-03-31,Compact Stove,Cookware Stove Compact,1606,131692,2738,Single-hand assembly clip,Convenience
2026-03-31,Backpack Hero,Backpack Trek 45L,358,32578,428,Mountain ridge sunset b-roll,Aspirational adventure
2026-03-31,Sleep Light,Sleeping Pad Inflate,1495,164450,3339,10s inflation timelapse,Convenience
2026-03-31,Summit Pro,Tent Summit 3,325,27625,547,Group laughing in tent at dawn,Social aspirational
2026-04-01,Sleep Warm,Sleeping Bag Alpine -10,1577,118275,3570,Frost on tent fabric macro,Cold-weather pain solve
2026-04-01,Backpack Hero,Backpack Trek 45L,2238,149946,5679,Mountain ridge sunset b-roll,Aspirational adventure
2026-04-01,Compact Stove,Cookware Stove Compact,2316,208440,5838,Single-hand assembly clip,Convenience
2026-04-01,Summit Pro,Tent Summit 3,473,52030,1728,Group laughing in tent at dawn,Social aspirational
2026-04-01,Spring Tents Push,Tent Alpine 2,2822,234226,4442,Pitch in 60 seconds,FOMO summer launch
2026-04-02,Daypack Daily,Backpack Daypack 25L,2521,277310,7454,Commuter to weekend cut,Versatility
2026-04-02,Sleep Light,Sleeping Pad Inflate,2455,265140,4366,10s inflation timelapse,Convenience
2026-04-02,Sleep Warm,Sleeping Bag Alpine -10,2369,156354,5464,Frost on tent fabric macro,Cold-weather pain solve
2026-04-02,Compact Stove,Cookware Stove Compact,2999,269910,8914,Single-hand assembly clip,Convenience
2026-04-03,Spring Tents Push,Tent Alpine 2,651,69657,1129,Pitch in 60 seconds,FOMO summer launch
2026-04-03,Cookware Hack,Cookware Set Titan,336,35280,1212,Boil water in 90s timer,Practical demo
2026-04-03,Sleep Light,Sleeping Pad Inflate,1555,130620,1864,10s inflation timelapse,Convenience
2026-04-03,Daypack Daily,Backpack Daypack 25L,2511,198369,4847,Commuter to weekend cut,Versatility
2026-04-03,Compact Stove,Cookware Stove Compact,1569,123951,2953,Single-hand assembly clip,Convenience
2026-04-03,Summit Pro,Tent Summit 3,2124,163548,2940,Group laughing in tent at dawn,Social aspirational
2026-04-04,Spring Tents Push,Tent Alpine 2,1842,189726,4794,Pitch in 60 seconds,FOMO summer launch
2026-04-04,Backpack Hero,Backpack Trek 45L,2585,240405,7615,Mountain ridge sunset b-roll,Aspirational adventure
2026-04-04,Sleep Light,Sleeping Pad Inflate,703,52725,1024,10s inflation timelapse,Convenience
2026-04-04,Sleep Warm,Sleeping Bag Alpine -10,2182,154922,5353,Frost on tent fabric macro,Cold-weather pain solve
2026-04-04,Cookware Hack,Cookware Set Titan,1547,100555,3512,Boil water in 90s timer,Practical demo
2026-04-04,Summit Pro,Tent Summit 3,2166,177612,2196,Group laughing in tent at dawn,Social aspirational
2026-04-05,Spring Tents Push,Tent Alpine 2,1590,154230,4328,Pitch in 60 seconds,FOMO summer launch
2026-04-05,Sleep Light,Sleeping Pad Inflate,2444,237068,2949,10s inflation timelapse,Convenience
2026-04-05,Summit Pro,Tent Summit 3,2312,217328,5958,Group laughing in tent at dawn,Social aspirational
2026-04-06,Spring Tents Push,Tent Alpine 2,716,66588,935,Pitch in 60 seconds,FOMO summer launch
2026-04-06,Sleep Light,Sleeping Pad Inflate,1593,168858,3651,10s inflation timelapse,Convenience
2026-04-06,Compact Stove,Cookware Stove Compact,2156,133672,4255,Single-hand assembly clip,Convenience
2026-04-07,Backpack Hero,Backpack Trek 45L,1388,112428,3613,Mountain ridge sunset b-roll,Aspirational adventure
2026-04-07,Compact Stove,Cookware Stove Compact,2789,209175,7739,Single-hand assembly clip,Convenience
2026-04-07,Sleep Light,Sleeping Pad Inflate,2472,242256,7824,10s inflation timelapse,Convenience
2026-04-07,Sleep Warm,Sleeping Bag Alpine -10,1829,120714,2976,Frost on tent fabric macro,Cold-weather pain solve
2026-04-07,Daypack Daily,Backpack Daypack 25L,2119,220376,4440,Commuter to weekend cut,Versatility
2026-04-07,Cookware Hack,Cookware Set Titan,2771,177344,2348,Boil water in 90s timer,Practical demo
2026-04-08,Spring Tents Push,Tent Alpine 2,1777,188362,5105,Pitch in 60 seconds,FOMO summer launch
2026-04-08,Sleep Warm,Sleeping Bag Alpine -10,2634,176478,4843,Frost on tent fabric macro,Cold-weather pain solve
2026-04-08,Cookware Hack,Cookware Set Titan,1896,172536,4604,Boil water in 90s timer,Practical demo
2026-04-08,Compact Stove,Cookware Stove Compact,822,77268,2603,Single-hand assembly clip,Convenience
2026-04-08,Daypack Daily,Backpack Daypack 25L,2647,206466,3634,Commuter to weekend cut,Versatility
2026-04-09,Sleep Warm,Sleeping Bag Alpine -10,2064,183696,2800,Frost on tent fabric macro,Cold-weather pain solve
2026-04-09,Sleep Light,Sleeping Pad Inflate,952,92344,1500,10s inflation timelapse,Convenience
2026-04-09,Compact Stove,Cookware Stove Compact,2168,162600,5836,Single-hand assembly clip,Convenience
2026-04-09,Backpack Hero,Backpack Trek 45L,2655,228330,7451,Mountain ridge sunset b-roll,Aspirational adventure
2026-04-09,Daypack Daily,Backpack Daypack 25L,1017,107802,2090,Commuter to weekend cut,Versatility
2026-04-10,Summit Pro,Tent Summit 3,366,35502,477,Group laughing in tent at dawn,Social aspirational
2026-04-10,Compact Stove,Cookware Stove Compact,2366,215306,3511,Single-hand assembly clip,Convenience
2026-04-10,Spring Tents Push,Tent Alpine 2,1452,142296,1932,Pitch in 60 seconds,FOMO summer launch
2026-04-10,Backpack Hero,Backpack Trek 45L,2656,254976,4141,Mountain ridge sunset b-roll,Aspirational adventure
2026-04-10,Daypack Daily,Backpack Daypack 25L,921,82890,1510,Commuter to weekend cut,Versatility
2026-04-10,Cookware Hack,Cookware Set Titan,626,48202,1418,Boil water in 90s timer,Practical demo
2026-04-11,Spring Tents Push,Tent Alpine 2,2317,203896,7610,Pitch in 60 seconds,FOMO summer launch
2026-04-11,Sleep Light,Sleeping Pad Inflate,584,36208,555,10s inflation timelapse,Convenience
2026-04-11,Daypack Daily,Backpack Daypack 25L,1291,95534,1626,Commuter to weekend cut,Versatility
2026-04-12,Sleep Light,Sleeping Pad Inflate,489,53301,1927,10s inflation timelapse,Convenience
2026-04-12,Summit Pro,Tent Summit 3,2809,171349,4411,Group laughing in tent at dawn,Social aspirational
2026-04-12,Compact Stove,Cookware Stove Compact,634,55792,782,Single-hand assembly clip,Convenience
2026-04-12,Backpack Hero,Backpack Trek 45L,2455,208675,2963,Mountain ridge sunset b-roll,Aspirational adventure
2026-04-12,Daypack Daily,Backpack Daypack 25L,1410,133950,1785,Commuter to weekend cut,Versatility
2026-04-13,Backpack Hero,Backpack Trek 45L,2393,205798,5457,Mountain ridge sunset b-roll,Aspirational adventure
2026-04-13,Cookware Hack,Cookware Set Titan,1365,102375,1335,Boil water in 90s timer,Practical demo
2026-04-13,Sleep Warm,Sleeping Bag Alpine -10,1668,116760,4128,Frost on tent fabric macro,Cold-weather pain solve
2026-04-13,Compact Stove,Cookware Stove Compact,359,32669,880,Single-hand assembly clip,Convenience
2026-04-13,Sleep Light,Sleeping Pad Inflate,1026,90288,1374,10s inflation timelapse,Convenience
2026-04-14,Sleep Light,Sleeping Pad Inflate,2062,218572,4504,10s inflation timelapse,Convenience
2026-04-14,Cookware Hack,Cookware Set Titan,1925,132825,3125,Boil water in 90s timer,Practical demo
2026-04-14,Backpack Hero,Backpack Trek 45L,2145,171600,3671,Mountain ridge sunset b-roll,Aspirational adventure
2026-04-14,Spring Tents Push,Tent Alpine 2,734,51380,1905,Pitch in 60 seconds,FOMO summer launch
2026-04-14,Compact Stove,Cookware Stove Compact,454,29964,802,Single-hand assembly clip,Convenience
2026-04-14,Daypack Daily,Backpack Daypack 25L,2233,145145,3992,Commuter to weekend cut,Versatility
2026-04-15,Spring Tents Push,Tent Alpine 2,360,23040,506,Pitch in 60 seconds,FOMO summer launch
2026-04-15,Sleep Warm,Sleeping Bag Alpine -10,220,23760,799,Frost on tent fabric macro,Cold-weather pain solve
2026-04-15,Compact Stove,Cookware Stove Compact,1820,187460,4779,Single-hand assembly clip,Convenience
2026-04-15,Cookware Hack,Cookware Set Titan,1222,97760,1410,Boil water in 90s timer,Practical demo
2026-04-15,Daypack Daily,Backpack Daypack 25L,1417,89271,1198,Commuter to weekend cut,Versatility
2026-04-15,Summit Pro,Tent Summit 3,355,26625,776,Group laughing in tent at dawn,Social aspirational
2026-04-16,Summit Pro,Tent Summit 3,2548,219128,4324,Group laughing in tent at dawn,Social aspirational
2026-04-16,Compact Stove,Cookware Stove Compact,1900,133000,1903,Single-hand assembly clip,Convenience
2026-04-16,Sleep Light,Sleeping Pad Inflate,2852,239568,7763,10s inflation timelapse,Convenience
2026-04-16,Backpack Hero,Backpack Trek 45L,1815,134310,2399,Mountain ridge sunset b-roll,Aspirational adventure
2026-04-16,Cookware Hack,Cookware Set Titan,2736,191520,3714,Boil water in 90s timer,Practical demo
2026-04-17,Daypack Daily,Backpack Daypack 25L,1673,117110,1944,Commuter to weekend cut,Versatility
2026-04-17,Sleep Light,Sleeping Pad Inflate,399,27531,1013,10s inflation timelapse,Convenience
2026-04-17,Spring Tents Push,Tent Alpine 2,1770,191160,5809,Pitch in 60 seconds,FOMO summer launch
2026-04-17,Backpack Hero,Backpack Trek 45L,229,16946,363,Mountain ridge sunset b-roll,Aspirational adventure
2026-04-17,Compact Stove,Cookware Stove Compact,218,16350,435,Single-hand assembly clip,Convenience
2026-04-17,Summit Pro,Tent Summit 3,1262,95912,1357,Group laughing in tent at dawn,Social aspirational
2026-04-18,Compact Stove,Cookware Stove Compact,318,22896,404,Single-hand assembly clip,Convenience
2026-04-18,Sleep Light,Sleeping Pad Inflate,934,67248,2403,10s inflation timelapse,Convenience
2026-04-18,Backpack Hero,Backpack Trek 45L,339,24747,919,Mountain ridge sunset b-roll,Aspirational adventure
2026-04-19,Summit Pro,Tent Summit 3,868,54684,1136,Group laughing in tent at dawn,Social aspirational
2026-04-19,Compact Stove,Cookware Stove Compact,2547,175743,2385,Single-hand assembly clip,Convenience
2026-04-19,Sleep Light,Sleeping Pad Inflate,1954,136780,1984,10s inflation timelapse,Convenience
2026-04-20,Sleep Warm,Sleeping Bag Alpine -10,1783,181866,5653,Frost on tent fabric macro,Cold-weather pain solve
2026-04-20,Spring Tents Push,Tent Alpine 2,479,42631,955,Pitch in 60 seconds,FOMO summer launch
2026-04-20,Cookware Hack,Cookware Set Titan,1244,118180,4126,Boil water in 90s timer,Practical demo
2026-04-20,Daypack Daily,Backpack Daypack 25L,2641,205998,7406,Commuter to weekend cut,Versatility
2026-04-21,Backpack Hero,Backpack Trek 45L,1686,165228,4192,Mountain ridge sunset b-roll,Aspirational adventure
2026-04-21,Cookware Hack,Cookware Set Titan,2438,219420,6701,Boil water in 90s timer,Practical demo
2026-04-21,Daypack Daily,Backpack Daypack 25L,217,15841,552,Commuter to weekend cut,Versatility
2026-04-21,Summit Pro,Tent Summit 3,1130,103960,2556,Group laughing in tent at dawn,Social aspirational
2026-04-21,Sleep Warm,Sleeping Bag Alpine -10,2845,238980,8682,Frost on tent fabric macro,Cold-weather pain solve
2026-04-22,Cookware Hack,Cookware Set Titan,372,38688,1032,Boil water in 90s timer,Practical demo
2026-04-22,Daypack Daily,Backpack Daypack 25L,660,56760,783,Commuter to weekend cut,Versatility
2026-04-22,Compact Stove,Cookware Stove Compact,2197,213109,7526,Single-hand assembly clip,Convenience
2026-04-23,Sleep Warm,Sleeping Bag Alpine -10,744,46128,1131,Frost on tent fabric macro,Cold-weather pain solve
2026-04-23,Compact Stove,Cookware Stove Compact,407,43956,1669,Single-hand assembly clip,Convenience
2026-04-23,Spring Tents Push,Tent Alpine 2,1231,119407,3154,Pitch in 60 seconds,FOMO summer launch
2026-04-23,Daypack Daily,Backpack Daypack 25L,2193,232458,7626,Commuter to weekend cut,Versatility
2026-04-24,Summit Pro,Tent Summit 3,1285,123360,4588,Group laughing in tent at dawn,Social aspirational
2026-04-24,Backpack Hero,Backpack Trek 45L,450,45000,1704,Mountain ridge sunset b-roll,Aspirational adventure
2026-04-24,Sleep Light,Sleeping Pad Inflate,1357,113988,2540,10s inflation timelapse,Convenience
2026-04-24,Compact Stove,Cookware Stove Compact,295,28025,982,Single-hand assembly clip,Convenience
2026-04-25,Sleep Light,Sleeping Pad Inflate,725,73225,1178,10s inflation timelapse,Convenience
2026-04-25,Summit Pro,Tent Summit 3,2606,239752,3339,Group laughing in tent at dawn,Social aspirational
2026-04-25,Backpack Hero,Backpack Trek 45L,2070,213210,7192,Mountain ridge sunset b-roll,Aspirational adventure
2026-04-25,Compact Stove,Cookware Stove Compact,2310,228690,5448,Single-hand assembly clip,Convenience
2026-04-25,Sleep Warm,Sleeping Bag Alpine -10,2001,166083,5317,Frost on tent fabric macro,Cold-weather pain solve
2026-04-25,Spring Tents Push,Tent Alpine 2,1422,89586,2677,Pitch in 60 seconds,FOMO summer launch
2026-04-26,Compact Stove,Cookware Stove Compact,1774,141920,3395,Single-hand assembly clip,Convenience
2026-04-26,Sleep Light,Sleeping Pad Inflate,1788,160920,4872,10s inflation timelapse,Convenience
2026-04-26,Summit Pro,Tent Summit 3,2456,181744,5641,Group laughing in tent at dawn,Social aspirational
2026-04-26,Daypack Daily,Backpack Daypack 25L,2598,280584,8348,Commuter to weekend cut,Versatility
2026-04-27,Compact Stove,Cookware Stove Compact,2904,319440,10487,Single-hand assembly clip,Convenience
2026-04-27,Backpack Hero,Backpack Trek 45L,2022,157716,4589,Mountain ridge sunset b-roll,Aspirational adventure
2026-04-27,Sleep Warm,Sleeping Bag Alpine -10,2759,234515,4173,Frost on tent fabric macro,Cold-weather pain solve
2026-04-27,Sleep Light,Sleeping Pad Inflate,781,57794,1610,10s inflation timelapse,Convenience
2026-04-27,Daypack Daily,Backpack Daypack 25L,1233,102339,2950,Commuter to weekend cut,Versatility
2026-04-28,Sleep Warm,Sleeping Bag Alpine -10,921,61707,1808,Frost on tent fabric macro,Cold-weather pain solve
2026-04-28,Cookware Hack,Cookware Set Titan,388,32204,913,Boil water in 90s timer,Practical demo
2026-04-28,Summit Pro,Tent Summit 3,935,101915,1310,Group laughing in tent at dawn,Social aspirational
2026-04-29,Compact Stove,Cookware Stove Compact,2962,316934,4545,Single-hand assembly clip,Convenience
2026-04-29,Cookware Hack,Cookware Set Titan,2773,266208,3626,Boil water in 90s timer,Practical demo
2026-04-29,Sleep Light,Sleeping Pad Inflate,1450,110200,4173,10s inflation timelapse,Convenience
2026-04-29,Backpack Hero,Backpack Trek 45L,2304,154368,3336,Mountain ridge sunset b-roll,Aspirational adventure
2026-04-29,Sleep Warm,Sleeping Bag Alpine -10,1695,140685,3111,Frost on tent fabric macro,Cold-weather pain solve
2026-04-29,Spring Tents Push,Tent Alpine 2,2327,223392,5580,Pitch in 60 seconds,FOMO summer launch
2026-04-30,Sleep Light,Sleeping Pad Inflate,1744,190096,4246,10s inflation timelapse,Convenience
2026-04-30,Daypack Daily,Backpack Daypack 25L,1982,200182,6818,Commuter to weekend cut,Versatility
2026-04-30,Backpack Hero,Backpack Trek 45L,1315,128870,2493,Mountain ridge sunset b-roll,Aspirational adventure
2026-05-01,Spring Tents Push,Tent Alpine 2,2313,233613,6078,Pitch in 60 seconds,FOMO summer launch
2026-05-01,Sleep Light,Sleeping Pad Inflate,1455,113490,2967,10s inflation timelapse,Convenience
2026-05-01,Cookware Hack,Cookware Set Titan,2148,165396,3989,Boil water in 90s timer,Practical demo
2026-05-01,Compact Stove,Cookware Stove Compact,205,18860,240,Single-hand assembly clip,Convenience
2026-05-01,Backpack Hero,Backpack Trek 45L,1405,116615,3656,Mountain ridge sunset b-roll,Aspirational adventure
2026-05-02,Daypack Daily,Backpack Daypack 25L,1225,83300,3089,Commuter to weekend cut,Versatility
2026-05-02,Sleep Light,Sleeping Pad Inflate,2227,140301,2552,10s inflation timelapse,Convenience
2026-05-02,Summit Pro,Tent Summit 3,1539,124659,4221,Group laughing in tent at dawn,Social aspirational
2026-05-03,Compact Stove,Cookware Stove Compact,1675,160800,2630,Single-hand assembly clip,Convenience
2026-05-03,Spring Tents Push,Tent Alpine 2,1382,93976,2239,Pitch in 60 seconds,FOMO summer launch
2026-05-03,Cookware Hack,Cookware Set Titan,2160,226800,3049,Boil water in 90s timer,Practical demo
2026-05-03,Summit Pro,Tent Summit 3,2807,249823,7262,Group laughing in tent at dawn,Social aspirational
2026-05-03,Sleep Warm,Sleeping Bag Alpine -10,2381,204766,6552,Frost on tent fabric macro,Cold-weather pain solve
2026-05-04,Compact Stove,Cookware Stove Compact,1082,83314,1801,Single-hand assembly clip,Convenience
2026-05-04,Sleep Warm,Sleeping Bag Alpine -10,808,71104,1479,Frost on tent fabric macro,Cold-weather pain solve
2026-05-04,Summit Pro,Tent Summit 3,2502,227682,7271,Group laughing in tent at dawn,Social aspirational
2026-05-04,Cookware Hack,Cookware Set Titan,426,44730,696,Boil water in 90s timer,Practical demo
2026-05-04,Backpack Hero,Backpack Trek 45L,1228,74908,1021,Mountain ridge sunset b-roll,Aspirational adventure
2026-05-05,Summit Pro,Tent Summit 3,2958,292842,9458,Group laughing in tent at dawn,Social aspirational
2026-05-05,Sleep Warm,Sleeping Bag Alpine -10,1538,163028,4509,Frost on tent fabric macro,Cold-weather pain solve
2026-05-05,Spring Tents Push,Tent Alpine 2,996,73704,1916,Pitch in 60 seconds,FOMO summer launch
2026-05-05,Backpack Hero,Backpack Trek 45L,2675,168525,4951,Mountain ridge sunset b-roll,Aspirational adventure
2026-05-06,Cookware Hack,Cookware Set Titan,685,59595,2170,Boil water in 90s timer,Practical demo
2026-05-06,Sleep Warm,Sleeping Bag Alpine -10,2611,237601,8473,Frost on tent fabric macro,Cold-weather pain solve
2026-05-06,Summit Pro,Tent Summit 3,2535,172380,3301,Group laughing in tent at dawn,Social aspirational
2026-05-06,Sleep Light,Sleeping Pad Inflate,357,27489,348,10s inflation timelapse,Convenience
2026-05-07,Compact Stove,Cookware Stove Compact,1335,93450,2001,Single-hand assembly clip,Convenience
2026-05-07,Sleep Light,Sleeping Pad Inflate,2600,262600,3535,10s inflation timelapse,Convenience
2026-05-07,Cookware Hack,Cookware Set Titan,838,55308,1161,Boil water in 90s timer,Practical demo
2026-05-08,Spring Tents Push,Tent Alpine 2,2827,305316,11088,Pitch in 60 seconds,FOMO summer launch
2026-05-08,Compact Stove,Cookware Stove Compact,2021,169764,5230,Single-hand assembly clip,Convenience
2026-05-08,Sleep Warm,Sleeping Bag Alpine -10,2470,180310,2826,Frost on tent fabric macro,Cold-weather pain solve
2026-05-08,Backpack Hero,Backpack Trek 45L,2172,160728,2932,Mountain ridge sunset b-roll,Aspirational adventure
2026-05-09,Sleep Warm,Sleeping Bag Alpine -10,2910,288090,7180,Frost on tent fabric macro,Cold-weather pain solve
2026-05-09,Backpack Hero,Backpack Trek 45L,247,20748,528,Mountain ridge sunset b-roll,Aspirational adventure
2026-05-09,Sleep Light,Sleeping Pad Inflate,2495,214570,3366,10s inflation timelapse,Convenience
2026-05-10,Sleep Warm,Sleeping Bag Alpine -10,2896,237472,5672,Frost on tent fabric macro,Cold-weather pain solve
2026-05-10,Sleep Light,Sleeping Pad Inflate,221,17017,630,10s inflation timelapse,Convenience
2026-05-10,Summit Pro,Tent Summit 3,2525,229775,5525,Group laughing in tent at dawn,Social aspirational
2026-05-10,Compact Stove,Cookware Stove Compact,1228,79820,2904,Single-hand assembly clip,Convenience
2026-05-11,Sleep Light,Sleeping Pad Inflate,1879,197295,5262,10s inflation timelapse,Convenience
2026-05-11,Daypack Daily,Backpack Daypack 25L,878,86922,1725,Commuter to weekend cut,Versatility
2026-05-11,Summit Pro,Tent Summit 3,920,75440,1750,Group laughing in tent at dawn,Social aspirational
2026-05-11,Backpack Hero,Backpack Trek 45L,1179,87246,1805,Mountain ridge sunset b-roll,Aspirational adventure
2026-05-11,Sleep Warm,Sleeping Bag Alpine -10,1716,116688,1723,Frost on tent fabric macro,Cold-weather pain solve
2026-05-11,Spring Tents Push,Tent Alpine 2,1321,124174,3045,Pitch in 60 seconds,FOMO summer launch
2026-05-12,Spring Tents Push,Tent Alpine 2,1561,167027,2447,Pitch in 60 seconds,FOMO summer launch
2026-05-12,Summit Pro,Tent Summit 3,603,48843,837,Group laughing in tent at dawn,Social aspirational
2026-05-12,Daypack Daily,Backpack Daypack 25L,2069,180003,5091,Commuter to weekend cut,Versatility
2026-05-12,Sleep Light,Sleeping Pad Inflate,991,87208,1667,10s inflation timelapse,Convenience
2026-05-13,Summit Pro,Tent Summit 3,2104,208296,5771,Group laughing in tent at dawn,Social aspirational
2026-05-13,Cookware Hack,Cookware Set Titan,1656,125856,1933,Boil water in 90s timer,Practical demo
2026-05-13,Sleep Light,Sleeping Pad Inflate,2218,224018,5621,10s inflation timelapse,Convenience
2026-05-13,Daypack Daily,Backpack Daypack 25L,833,66640,2238,Commuter to weekend cut,Versatility
2026-05-13,Backpack Hero,Backpack Trek 45L,2955,268905,9176,Mountain ridge sunset b-roll,Aspirational adventure
2026-05-13,Spring Tents Push,Tent Alpine 2,2411,147071,2609,Pitch in 60 seconds,FOMO summer launch
2026-05-14,Sleep Light,Sleeping Pad Inflate,2679,267900,6029,10s inflation timelapse,Convenience
2026-05-14,Cookware Hack,Cookware Set Titan,2486,161590,5375,Boil water in 90s timer,Practical demo
2026-05-14,Sleep Warm,Sleeping Bag Alpine -10,2274,243318,4581,Frost on tent fabric macro,Cold-weather pain solve
2026-05-14,Backpack Hero,Backpack Trek 45L,2752,272448,8041,Mountain ridge sunset b-roll,Aspirational adventure
2026-05-15,Summit Pro,Tent Summit 3,865,76120,2320,Group laughing in tent at dawn,Social aspirational
2026-05-15,Daypack Daily,Backpack Daypack 25L,687,65265,2227,Commuter to weekend cut,Versatility
2026-05-15,Cookware Hack,Cookware Set Titan,2446,212802,4386,Boil water in 90s timer,Practical demo
2026-05-15,Sleep Light,Sleeping Pad Inflate,950,60800,2205,10s inflation timelapse,Convenience
2026-05-15,Backpack Hero,Backpack Trek 45L,1497,160179,3229,Mountain ridge sunset b-roll,Aspirational adventure
2026-05-15,Spring Tents Push,Tent Alpine 2,977,68390,1296,Pitch in 60 seconds,FOMO summer launch
2026-05-16,Spring Tents Push,Tent Alpine 2,777,83916,2921,Pitch in 60 seconds,FOMO summer launch
2026-05-16,Sleep Warm,Sleeping Bag Alpine -10,1886,139564,5057,Frost on tent fabric macro,Cold-weather pain solve
2026-05-16,Summit Pro,Tent Summit 3,2973,240813,4940,Group laughing in tent at dawn,Social aspirational
2026-05-17,Compact Stove,Cookware Stove Compact,204,13872,268,Single-hand assembly clip,Convenience
2026-05-17,Summit Pro,Tent Summit 3,2985,205965,2804,Group laughing in tent at dawn,Social aspirational
2026-05-17,Backpack Hero,Backpack Trek 45L,813,52032,690,Mountain ridge sunset b-roll,Aspirational adventure
2026-05-17,Spring Tents Push,Tent Alpine 2,2846,307368,5941,Pitch in 60 seconds,FOMO summer launch
2026-05-17,Sleep Warm,Sleeping Bag Alpine -10,1374,148392,4640,Frost on tent fabric macro,Cold-weather pain solve
2026-05-18,Backpack Hero,Backpack Trek 45L,1809,135675,3633,Mountain ridge sunset b-roll,Aspirational adventure
2026-05-18,Spring Tents Push,Tent Alpine 2,2981,244442,3008,Pitch in 60 seconds,FOMO summer launch
2026-05-18,Daypack Daily,Backpack Daypack 25L,2031,125922,1918,Commuter to weekend cut,Versatility
2026-05-19,Sleep Warm,Sleeping Bag Alpine -10,2755,242440,5437,Frost on tent fabric macro,Cold-weather pain solve
2026-05-19,Cookware Hack,Cookware Set Titan,1510,108720,2667,Boil water in 90s timer,Practical demo
2026-05-19,Summit Pro,Tent Summit 3,2547,252153,4069,Group laughing in tent at dawn,Social aspirational
2026-05-19,Backpack Hero,Backpack Trek 45L,500,39000,1235,Mountain ridge sunset b-roll,Aspirational adventure
2026-05-19,Sleep Light,Sleeping Pad Inflate,2885,314465,10772,10s inflation timelapse,Convenience
2026-05-19,Compact Stove,Cookware Stove Compact,2733,229572,8450,Single-hand assembly clip,Convenience
2026-05-20,Sleep Warm,Sleeping Bag Alpine -10,1222,117312,3270,Frost on tent fabric macro,Cold-weather pain solve
2026-05-20,Cookware Hack,Cookware Set Titan,2879,287900,9307,Boil water in 90s timer,Practical demo
2026-05-20,Compact Stove,Cookware Stove Compact,812,64960,1856,Single-hand assembly clip,Convenience
2026-05-20,Summit Pro,Tent Summit 3,2396,194076,3160,Group laughing in tent at dawn,Social aspirational
2026-05-20,Backpack Hero,Backpack Trek 45L,2488,268704,7441,Mountain ridge sunset b-roll,Aspirational adventure
2026-05-21,Backpack Hero,Backpack Trek 45L,1673,113764,1684,Mountain ridge sunset b-roll,Aspirational adventure
2026-05-21,Summit Pro,Tent Summit 3,2815,230830,3210,Group laughing in tent at dawn,Social aspirational
2026-05-21,Sleep Light,Sleeping Pad Inflate,1529,97856,2462,10s inflation timelapse,Convenience
2026-05-21,Spring Tents Push,Tent Alpine 2,1491,140154,2760,Pitch in 60 seconds,FOMO summer launch
2026-05-21,Compact Stove,Cookware Stove Compact,295,32450,488,Single-hand assembly clip,Convenience
2026-05-22,Daypack Daily,Backpack Daypack 25L,211,14348,343,Commuter to weekend cut,Versatility
2026-05-22,Backpack Hero,Backpack Trek 45L,758,45480,571,Mountain ridge sunset b-roll,Aspirational adventure
2026-05-22,Sleep Warm,Sleeping Bag Alpine -10,2776,174888,6536,Frost on tent fabric macro,Cold-weather pain solve
2026-05-23,Sleep Light,Sleeping Pad Inflate,639,61344,1919,10s inflation timelapse,Convenience
2026-05-23,Backpack Hero,Backpack Trek 45L,1203,74586,1021,Mountain ridge sunset b-roll,Aspirational adventure
2026-05-23,Cookware Hack,Cookware Set Titan,871,55744,888,Boil water in 90s timer,Practical demo
2026-05-23,Summit Pro,Tent Summit 3,566,55468,849,Group laughing in tent at dawn,Social aspirational
2026-05-23,Daypack Daily,Backpack Daypack 25L,2079,199584,2613,Commuter to weekend cut,Versatility
2026-05-24,Sleep Warm,Sleeping Bag Alpine -10,214,19046,631,Frost on tent fabric macro,Cold-weather pain solve
2026-05-24,Sleep Light,Sleeping Pad Inflate,268,16348,371,10s inflation timelapse,Convenience
2026-05-24,Daypack Daily,Backpack Daypack 25L,1747,113555,3791,Commuter to weekend cut,Versatility
2026-05-24,Cookware Hack,Cookware Set Titan,407,32560,556,Boil water in 90s timer,Practical demo
2026-05-24,Summit Pro,Tent Summit 3,2792,234528,6991,Group laughing in tent at dawn,Social aspirational
2026-05-25,Sleep Warm,Sleeping Bag Alpine -10,2138,153936,5562,Frost on tent fabric macro,Cold-weather pain solve
2026-05-25,Daypack Daily,Backpack Daypack 25L,2927,175620,5438,Commuter to weekend cut,Versatility
2026-05-25,Backpack Hero,Backpack Trek 45L,1273,132392,2823,Mountain ridge sunset b-roll,Aspirational adventure
2026-05-25,Sleep Light,Sleeping Pad Inflate,373,24618,574,10s inflation timelapse,Convenience
2026-05-25,Spring Tents Push,Tent Alpine 2,1604,158796,5850,Pitch in 60 seconds,FOMO summer launch
2026-05-26,Summit Pro,Tent Summit 3,308,31724,547,Group laughing in tent at dawn,Social aspirational
2026-05-26,Sleep Light,Sleeping Pad Inflate,359,34823,1228,10s inflation timelapse,Convenience
2026-05-26,Compact Stove,Cookware Stove Compact,2878,253264,5582,Single-hand assembly clip,Convenience
2026-05-26,Backpack Hero,Backpack Trek 45L,1377,136323,3440,Mountain ridge sunset b-roll,Aspirational adventure
2026-05-26,Cookware Hack,Cookware Set Titan,329,27307,943,Boil water in 90s timer,Practical demo
2026-05-27,Proto Stealth,Tent UNRELEASED PROTO,450,38000,720,Concept render,Pre-launch tease
